PrimerName;PrimerSequence;name;loci
A-F-3KB;ggatactcacgacgcgga;primerA_1;A
A-R-3kb;ttgcagaaacaaagtcagggt;primerA_2;A
B-F1;tgtcgggtccttcttccag;primerB_1;B
B-R2;ggaacaagaaagatgactgggg;primerB_2;B
C-F-UTR1;tgtgacaaagatgcttggtgt;primerC_1;C
C-R1;aggaaagatgatcggggagg;primerC_2;C
C-R2;TGTGACAAAGATGCATGGTGT;primerC_3;C
DRB1-F-3KB;tggagaggtctgttttccc;primerDRB1_1;DRB1
DRB1-R4;ggggaggttcaaaagaggga;primerDRB1_2;DRB1
DRB1-R5;tgacatttggatcaaggcagtg;primerDRB1_3;DRB1
DRB1-R6;GGATGGAAATGTCAGTCAGGG;primerDRB1_4;DRB1
DRB1-R7;GGGTCAAGTGCTCCTAGAGA;primerDRB1_5;DRB1
DQA1-F3a;ATGGCAAGGATAAGGAGGCT;primerDRQA_1;DRQA
DQA1-F3b;gagtcaaggtttattgcaaggat;primerDRQA_2;DRQA
DQA1-R2;atgccacttcccaattcccc;primerDRQA_3;DRQA
DQB1-F-I1a-N;ggcgggaacttgtggtcg;primerDRQB_1;DRQB
DQB1-F-I1b-N;ggcgggaactggaggtcg;primerDRQB_2;DRQB
DQB1-R-3KB;tcagggataagagatgggaagg;primerDRQB_3;DRQB
DPB1-F3;ggatggaaatgtcagtcaggg;primerDPB1_1;DPB1
DPB1-R-3KB*;gggtcaagtgctcctagaga;primerDPB1_2;DPB1